model_one,model_two,model_three
15282.776468993561,15282.776468993561,15231.953083672457
15776.516254088265,15776.516254088265,15739.171920531726
0,0,0
0,0,0
0,0,0
0,0,0
0,0,0
0,0,0
0,0,0
0,0,0
